Designator,Footprint,Quantity,Value,LCSC Part #
"C1, C4",0805,2,10u,C440198
C10,0603,1,1n,C1588
"C11, C2, C25, C3",0402,4,0u1,C307331
"C12, C13, C14, C15, C16, C17, C26, C27, C28, C29",1206,10,10u,C13585
C18,CP_Elec_8x6.9,1,39u,C189474
C19,0603,1,1u,C15849
C20,0603,1,4u7,C19666
C21,0402,1,0u22,C16772
C22,0402,1,47p,C1567
"C23, C7",0402,2,4n7,C1538
C24,0603,1,47n,C1622
"C30, C31, C32, C33",CP_Elec_8x10,4,100u,C2162472
C34,0402,1,0n1,C1546
"C5, C6",0402,2,1u,C52923
C8,0402,1,22n,C1532
C9,0402,1,10n,C15195
"D1, D2",D_SMA,2,SMAJ26CA,C19077544
D3,0805,1,GREEN,C2297
D4,0805,1,YELLOW,C2296
D5,D_SMA,1,SS33,C28646294
D6,D_SMA,1,D_Small,C14996
J1,AMASS_XT30PW-M_1x02_P2.50mm_Horizontal,1,Conn_01x02,C431092
J2,JST_XH_S2B-XH-A-1_1x02_P2.50mm_Horizontal,1,Conn_01x02,C163035
J3,AMASS_XT30PW-F_1x02_P2.50mm_Horizontal,1,Conn_01x02,C2913282
L1,L_Sunlord_MWSA1205S-3R3,1,3u3,C408513
"Q1, Q2, Q3, Q4, Q5",TDSON-8-1,5,BSC019N04LS,C534301
"R1, R10, R23, R3",0402,4,2k,C4109
"R11, R18",0603,2,2,C22977
R12,0603,1,1k2,C22765
"R13, R24, R25",0402,3,100,C25076
R14,0603,1,24k,C23352
R15,0402,1,47k,C25792
R16,1020,1,3m,C844481
"R17, R8",0402,2,5k1,C25905
R19,0402,1,100k,C25741
R2,0402,1,33k,C25779
R20,0603,1,18k,C25810
"R21, R22",0603,2,39k,C23153
R4,0402,1,1M,C26083
R5,0402,1,15k,C25756
R6,0603,1,49k9,C23184
R7,0402,1,10k,C25744
R9,0603,1,150,C22808
U1,SOT-89-3,1,HT753-1,C14289
U2,Texas_RGE0024M_VQFN-24-1EP_4x4mm_P0.5mm_ThermalVias,1,TPS25983,C20611808
U3,WSON-12-1EP_3x3mm_P0.5mm_EP1.3x2.5mm_ThermalVias,1,~,C7216630
U4,Texas_PWP0020A,1,LM5122,C77241
