Designator,Mid X,Mid Y,Rotation,Layer
C1,35.0,33.75,0.0,top
C10,28.25,39.5,270.0,top
C11,21.48,38.25,0.0,top
C12,27.25,10.25,180.0,top
C13,27.25,12.75,180.0,top
C14,27.25,15.25,180.0,top
C15,32.0,15.25,0.0,top
C16,32.0,12.75,0.0,top
C17,32.0,10.25,0.0,top
C18,42.75,27.5,180.0,top
C19,58.25,2.75,90.0,top
C2,24.75,31.5,180.0,top
C20,58.5,15.75,90.0,top
C21,56.75,14.5,180.0,top
C22,64.0,10.5,270.0,top
C23,65.0,8.25,180.0,top
C24,64.25,2.75,0.0,top
C25,64.25,13.75,0.0,top
C26,54.5,28.75,180.0,top
C27,60.975,28.75,0.0,top
C28,61.0,26.25,0.0,top
C29,54.5,26.25,180.0,top
C3,20.25,25.0,90.0,top
C30,52.25,34.5,0.0,top
C31,52.25,43.5,0.0,top
C32,63.25,34.5,180.0,top
C33,63.25,43.5,180.0,top
C34,54.76,3.0,90.0,top
C4,36.5,41.7,90.0,top
C5,23.25,16.98,270.0,top
C6,24.25,16.98,270.0,top
C7,29.25,32.25,270.0,top
C8,30.5,35.0,0.0,top
C9,33.5,19.75,90.0,top
D1,17.75,22.5,90.0,top
D2,23.0,29.25,180.0,top
D3,30.25,39.5,270.0,top
D4,30.0,25.0,0.0,top
D5,20.0,42.25,0.0,top
D6,63.0,16.0,180.0,top
FID1,26.0,7.0,0.0,top
FID2,3.0,31.0,0.0,top
FID3,66.0,28.0,0.0,top
H1,14.0,11.0,0.0,top
H2,67.5,4.0,0.0,top
H3,32.0,46.0,0.0,top
H4,20.0,5.0,0.0,top
H5,42.0,45.0,0.0,top
H6,65.0,22.0,0.0,top
J1,8.525,21.0,90.0,top
J2,7.75,7.0,270.0,top
J3,12.025,38.0,90.0,top
L1,47.5,11.25,0.0,top
Q1,23.25,21.0,270.0,top
Q2,30.0,20.25,0.0,top
Q3,20.0,34.5,90.0,top
Q4,50.25,21.5,180.0,top
Q5,57.75,21.5,0.0,top
R1,17.0,15.75,0.0,top
R10,19.75,12.0,0.0,top
R11,25.75,38.75,180.0,top
R12,30.75,33.0,90.0,top
R13,33.5,17.75,270.0,top
R14,20.0,13.25,0.0,top
R15,62.0,2.75,270.0,top
R16,41.0,20.75,270.0,top
R17,61.0,2.75,270.0,top
R18,59.75,2.75,90.0,top
R19,64.25,12.75,0.0,top
R2,17.0,16.75,180.0,top
R20,64.25,4.25,0.0,top
R21,65.5,10.5,270.0,top
R22,65.0,6.0,0.0,top
R23,65.0,7.25,180.0,top
R24,56.26,1.995,0.0,top
R25,56.25,4.0,0.0,top
R3,17.0,14.75,180.0,top
R4,32.25,32.5,90.0,top
R5,31.99,34.5,90.0,top
R6,31.0,36.25,0.0,top
R7,30.0,26.5,0.0,top
R8,31.75,39.5,270.0,top
R9,26.5,42.75,270.0,top
TP1,16.75,12.5,0.0,top
TP10,18.75,39.0,90.0,top
TP12,45.5,19.75,270.0,top
TP13,52.25,3.0,270.0,top
TP14,57.75,30.5,270.0,top
TP2,22.5,25.5,0.0,top
TP3,28.25,29.25,90.0,top
TP4,33.75,41.5,180.0,top
TP5,26.75,25.5,0.0,top
TP6,17.75,30.0,90.0,top
TP7,29.0,42.75,90.0,top
TP9,36.75,24.5,0.0,top
U1,35.25,37.25,0.0,top
U2,26.5,35.0,90.0,top
U3,20.5,16.0,0.0,top
U4,59.5,9.25,90.0,top
